claim_id,status,manuscript_anchor,verbatim_claim,population,jurisdiction,as_of_date,source_ids,source_locator,limitations,reviewer,checked_date,publication_state
F-001,fact,book/11-医美不是普通商品.md#高承诺不等于高价值,中国现行管理办法将医疗美容界定为运用手术药物医疗器械或其他具有创伤性或侵入性的医学技术方法对容貌和人体各部位形态进行修复与再塑。,医疗美容服务定义,中国大陆,2026-07-20,nhc-medical-aesthetics-2002,第二条,仅适用于该规章的定义范围;发布前需复核现行有效状态,作者,2026-07-20,in-manuscript
F-002,fact,book/13-广告不是第二个医生.md#三种越界,中国医疗广告管理办法规定医疗机构发布医疗广告前应申请医疗广告审查且未取得证明不得发布。,医疗机构广告,中国大陆,2026-07-20,samr-medical-advertising-2006,第三条,法规可能修订;不等同于对全部线上内容作个案法律判断,作者,2026-07-20,in-manuscript
F-003,fact,book/13-广告不是第二个医生.md#三种越界,中国医疗美容广告执法指南旨在规范和加强医疗美容广告监管并保护消费者合法权益。,医疗美容广告,中国大陆,2026-07-20,samr-aesthetic-ad-guide-2021,公告正文与指南总则,指南适用应结合具体事实与后续规则,作者,2026-07-20,in-manuscript
F-004,fact,book/24-如何阅读证据.md#先看研究回答的是什么问题,一项2024年系统综述纳入25项研究和13731名参与者并讨论社交媒体身体意象不满与美容手术考虑之间的关联。,系统综述纳入研究的参与者,多国,2024-12-31,mironica-2024,摘要的Methods与Results,异质性高;主要为关联证据;不证明社交媒体导致任何个人选择,作者,2026-07-20,in-manuscript
F-005,fact,book/04-镜中的比较机器.md#比较不仅发生在“看别人更好”的时候,一项2025年荟萃分析汇总83项研究和55440名参与者发现在线社会比较程度与更高身体意象困扰存在中等强度相关。,研究参与者与相关性,多国,2024-12-31,bonfanti-2025,摘要Results; r=0.454及其置信区间,相关不等于因果;存在平台和样本差异,作者,2026-07-20,in-manuscript
F-006,fact,book/24-如何阅读证据.md#相关不等于因果，但相关也不是废话,2009年荟萃分析汇总156项研究和189个效应量发现社会比较与身体不满意程度相关。,研究参与者,多国,2009-11-30,myers-crowther-2009,摘要Results,较早研究且不等同于医疗美容样本,作者,2026-07-20,in-manuscript
F-007,fact,book/15-满意不是一个按钮.md#当“看起来有问题”占据太多生活,2022年系统综述与荟萃分析对48篇文章中14913名美容手术请求者估计身体变形障碍患病率为19.2%且研究间存在异质性。,求美者研究样本,多国,2020-01-31,salari-2022,摘要Results; 19.2% 95%CI 15.8-23%,不能用于自我诊断或推定任何机构人群比例,作者,2026-07-20,in-manuscript
F-008,fact,book/15-满意不是一个按钮.md#当“看起来有问题”占据太多生活,关于整形外科场景的系统综述指出可用筛查工具的验证证据有限并需要进一步研究。,整形外科文献,多国,2019-10-16,houschyar-2019,摘要Results与Conclusion,不支持读者自行筛查或把筛查工具当作诊断,作者,2026-07-20,in-manuscript
F-009,fact,book/14-恢复期的不确定性.md#后悔出现时，先不要把它浪漫化或妖魔化,2025年系统综述认为美容手术后的部分短期心理社会结局可能改善但整体证据质量低且长期结局仍不确定。,美容手术后的前瞻性研究,多国,2025-03-07,garbett-2025,摘要Results与Conclusion,程序类型和研究设计异质;不得外推至个体,作者,2026-07-20,in-manuscript
F-010,fact,book/12-面诊桌前的知情空间.md#期待管理不是压低你的愿望,2016年择期手术共享决策系统综述报告共享决策倾向于改善决策质量并降低部分研究中的决策冲突。,择期手术研究,多国,2015-08-09,wong-2016,摘要Results与Conclusion,不是专门针对医美;对接受手术比例的影响不明确,作者,2026-07-20,in-manuscript
F-011,fact,book/09-从自我批评到自我立法.md#自我慈悲不是放弃要求,2020年系统综述与荟萃分析发现更高自我慈悲与较少身体意象困扰相关且干预研究结果总体支持继续研究。,饮食与身体意象研究,多国,2020-04-30,turk-waller-2020,摘要Results,关联与干预样本不等同于医美人群;不能作为治疗建议,作者,2026-07-20,in-manuscript
F-012,fact,book/09-从自我批评到自我立法.md#自我慈悲不是放弃要求,2025年关于ACT与身体不满意的荟萃分析纳入12项研究并报告相对对照组的中等效应量。,身体不满意研究样本,多国,2025-08-01,boyle-2025,摘要Methods与Results,干预研究不构成自助处方;样本和风险偏倚需考虑,作者,2026-07-20,in-manuscript
F-013,fact,book/04-镜中的比较机器.md#镜子没有变，比较的装置变了,2025年系统综述指出高度视觉化且强调外貌的社交媒体使用与自我客体化及身体意象困扰相关但整合模型尚未得到充分经验检验。,社交媒体研究,多国,2025-08-28,sarda-2025,摘要Background与Results,主要是关联证据;研究数量仍有限,作者,2026-07-20,in-manuscript
F-014,fact,book/12-面诊桌前的知情空间.md#面诊不是被说服的舞台,2026年关于医美沟通与期待管理的叙述性综述将审美目标的主观性和数字媒介影响列为沟通挑战。,医美沟通文献,多国,2026-02-04,friedman-2026,摘要Objective与Results,叙述性综述的证据等级低于系统综述;出版前应复核,作者,2026-07-20,in-manuscript
N-001,normative,book/03-当改善成为生存任务.md#不把欲望变成罪证,改善可以被珍视但不应成为判断一个人是否值得被尊重的条件。,成年读者,不适用,2026-07-20,,作者立场,价值判断而非可检验事实,作者,2026-07-20,in-manuscript
N-002,normative,book/10-延迟是一种能力.md#决定之前先拥有一个不被催促的时刻,在高压力和信息不充分时保留延迟决定的权利是一种应被尊重的消费者实践。,成年读者,不适用,2026-07-20,,作者立场,价值判断;不替代法律意见,作者,2026-07-20,in-manuscript
I-001,inference,book/04-镜中的比较机器.md#让比较恢复成信息而不是命令,当比较环境持续放大外貌差异时先减少比较线索再决定是否消费可能有助于把即时压力和长期偏好分开。,成年读者,不适用,2026-07-20,bonfanti-2025;myers-crowther-2009,两篇荟萃分析摘要,合理推断不构成因果保证或治疗建议,作者,2026-07-20,in-manuscript
