figure_id,file,title,source,license,alt_text,chapters
fig-control-circle,figure-01-control-circle.svg,控制梯度,作者原创,CC-BY-4.0,控制与不可控制的同心圆,03;07
fig-improvement-loop,figure-02-improvement-loop.svg,比较如何变成购买冲动,作者原创,CC-BY-4.0,比较不安和修复冲动的循环,04
fig-consumption-spectrum,figure-03-consumption-spectrum.svg,改善型消费光谱,作者原创,CC-BY-4.0,低中高承诺消费光谱,05
fig-recovery-timeline,figure-04-recovery-timeline.svg,决定的时间线,作者原创,CC-BY-4.0,决定前恢复中复核的时间线,11
fig-expectation-ladder,figure-06-expectation-ladder.svg,期待的梯子,作者原创,CC-BY-4.0,从愿望到不要求证明的四级阶梯,08
fig-information-quality,figure-07-information-quality.svg,面诊的信息质量,作者原创,CC-BY-4.0,愿望事实未知项和退出权,12
fig-advertising-gates,figure-08-advertising-gates.svg,广告到决定的三道门,作者原创,CC-BY-4.0,识别核对延迟三道门,13
fig-recovery-tracks,figure-09-recovery-tracks.svg,恢复期三轨,作者原创,CC-BY-4.0,身体沟通生活安排意义解释,14
fig-satisfaction-ledgers,figure-10-satisfaction-ledgers.svg,满意的三张成绩单,作者原创,CC-BY-4.0,结果生活尊严三类评价,15
fig-comparison-reset,figure-11-comparison-reset.svg,比较重置,作者原创,CC-BY-4.0,停止命名转向再决定,06
fig-improvement-capital,figure-11-improvement-capital.svg,改善资本罗盘,作者原创,CC-BY-4.0,形象能力关系韧性四点罗盘,16
fig-values-compass,figure-12-values-compass.svg,价值罗盘,作者原创,CC-BY-4.0,价值选择的四个问题,09
fig-relational-boundaries,figure-12-relational-boundaries.svg,关系中的决定边界,作者原创,CC-BY-4.0,当事人拥有身体和决定的边界,17
fig-deferment-protocol,figure-14-deferment-protocol.svg,延迟决定协议,作者原创,CC-BY-4.0,触发冷却复核三步流程,10
