order,file,title,purpose,framework_label,status
1,22-六种改善困局.md,六种改善困局,以匿名化情境训练结构判断,积极斯多葛框架（原创解释框架）,drafted
2,23-决策工作簿.md,决策工作簿,提供可打印的非诊断性工具,积极斯多葛框架（原创解释框架）,drafted
3,24-如何阅读证据.md,如何阅读证据,界定研究与制度资料的阅读边界,证据分层,drafted
4,25-改善型生活消费的七个场景.md,改善型生活消费的七个场景,将框架扩展至非医美消费,积极斯多葛框架（原创解释框架）,drafted
5,26-积极斯多葛主义实践词典.md,积极斯多葛主义实践词典,界定原创框架术语,积极斯多葛框架（原创解释框架）,drafted
6,27-高承诺选择四十问.md,高承诺选择四十问,提供高承诺选择核对问题,积极斯多葛框架（原创解释框架）,drafted
7,28-改善的伦理.md,改善的伦理,讨论身体主权和公共责任,积极斯多葛框架（原创解释框架）,drafted
8,29-九十天实践.md,九十天实践,安排长期非临床练习,积极斯多葛框架（原创解释框架）,drafted
9,30-在面诊之前.md,在面诊之前,准备面诊前后的消费者行动,积极斯多葛框架（原创解释框架）,drafted
10,31-失败的消费脚本.md,失败的消费脚本,改写常见自动化消费语言,积极斯多葛框架（原创解释框架）,drafted
11,32-职业关系与改善.md,职业、关系与改善,处理外部评价的现实影响,积极斯多葛框架（原创解释框架）,drafted
12,33-金钱时间与选择余地.md,金钱、时间与选择余地,建立总投入与缓冲判断,积极斯多葛框架（原创解释框架）,drafted
13,34-数字镜像的自救.md,数字镜像的自救,处理算法和内容输入,积极斯多葛框架（原创解释框架）,drafted
14,35-不消费也是一条路.md,不消费也是一条路,确立等待与不消费的非道德化路径,积极斯多葛框架（原创解释框架）,drafted
15,36-五个支点的深度练习.md,五个支点的深度练习,提供框架长期练习,积极斯多葛框架（原创解释框架）,drafted
16,37-选择之后的生活.md,选择之后的生活,处理恢复和长期生活整合,积极斯多葛框架（原创解释框架）,drafted
17,38-参考文献导读.md,参考文献导读,说明资料如何被使用,证据分层,drafted
18,39-咨询室外的哲学.md,咨询室外的哲学,将选择放回人生尺度,积极斯多葛框架（原创解释框架）,drafted
19,40-后记-向上而不自困.md,后记：向上而不自困,收束核心立场,积极斯多葛框架（原创解释框架）,drafted
20,41-版本说明与阅读路径.md,版本说明与阅读路径,说明版本和阅读方式,证据分层,drafted
