order,file,part,chapter_title,purpose,cjk_body_budget,claim_ids,framework_label,decision_tool,figure_id,status
1,03-当改善成为生存任务.md,第一部 改善的压力,当改善成为生存任务,辨认改善愿望如何被从日常选择转化为自我价值考核,4300,N-001;I-001,积极斯多葛框架（原创解释框架）,改善愿望分层卡,fig-control-circle,drafted
2,04-镜中的比较机器.md,第一部 改善的压力,镜中的比较机器,解释社会比较与数字镜像的关联但避免把相关性写成命运,4500,F-004;F-005;F-006;F-013,积极斯多葛框架（原创解释框架）,比较暂停协议,fig-improvement-loop,drafted
3,05-时间焦虑与过早购买.md,第一部 改善的压力,时间焦虑与过早购买,拆开年龄焦虑时间感和消费催促,4200,N-002,积极斯多葛框架（原创解释框架）,延迟决定日历,fig-consumption-spectrum,drafted
4,06-动机不是罪证.md,第一部 改善的压力,动机不是罪证,把复杂动机从羞耻审判改为可检验的理由,4300,I-001;N-001,积极斯多葛框架（原创解释框架）,四问动机表,fig-comparison-reset,drafted
5,07-不把一切叫可控.md,第二部 斯多葛式重述,不把一切叫可控,建立可控梯度以避免控制幻觉和无力感,4500,N-001;N-002,积极斯多葛框架（原创解释框架）,可控梯度图,fig-control-circle,drafted
6,08-不把结果占为己有.md,第二部 斯多葛式重述,不把结果占为己有,讨论期待结果他人评价与身体反应之间的边界,4400,F-009;N-001,积极斯多葛框架（原创解释框架）,期待阶梯,fig-expectation-ladder,drafted
7,09-从自我批评到自我立法.md,第二部 斯多葛式重述,从自我批评到自我立法,重建不以羞辱驱动改善的个人原则,4700,F-011;F-012;N-001,积极斯多葛框架（原创解释框架）,个人改善宪章,fig-values-compass,drafted
8,10-延迟是一种能力.md,第二部 斯多葛式重述,延迟是一种能力,说明延迟选择如何保留信息时间和退出权,4300,F-010;N-002,积极斯多葛框架（原创解释框架）,二十四小时延迟协议,fig-deferment-protocol,drafted
9,11-医美不是普通商品.md,第三部 医美作为主案例,医美不是普通商品,说明医美消费同时涉及身体医疗服务金钱与身份而非普通零售,4800,F-001;F-009,积极斯多葛框架（原创解释框架）,四维成本账本,fig-recovery-timeline,drafted
10,12-面诊桌前的知情空间.md,第三部 医美作为主案例,面诊桌前的知情空间,把面诊从被说服现场重新理解为信息和价值对齐的场合,5200,F-010;F-014,积极斯多葛框架（原创解释框架）,面诊十问,fig-information-quality,drafted
11,13-广告不是第二个医生.md,第三部 医美作为主案例,广告不是第二个医生,说明广告合规与消费者识读的边界,4900,F-002;F-003,积极斯多葛框架（原创解释框架）,广告识读矩阵,fig-advertising-gates,drafted
12,14-恢复期的不确定性.md,第三部 医美作为主案例,恢复期的不确定性,讨论恢复期心理波动并坚持非诊断和非处方边界,5000,F-009;F-014,积极斯多葛框架（原创解释框架）,恢复期事实感受行动表,fig-recovery-tracks,drafted
13,15-满意不是一个按钮.md,第三部 医美作为主案例,满意不是一个按钮,处理满意度局限期待管理和追加消费冲动,4800,F-007;F-008;F-009,积极斯多葛框架（原创解释框架）,修复冲动暂停卡,fig-satisfaction-ledgers,drafted
14,16-把改善从脸上拿下来.md,第四部 改善而不自困,把改善从脸上拿下来,把医美案例迁移到健康学习居住和职业形象等改善选择,4700,I-001;N-001,积极斯多葛框架（原创解释框架）,改善组合盘,fig-improvement-capital,drafted
15,17-关系中的拒绝权.md,第四部 改善而不自困,关系中的拒绝权,讨论伴侣家人同事平台和机构压力下的解释权与拒绝权,4900,N-002,积极斯多葛框架（原创解释框架）,关系边界脚本,fig-relational-boundaries,drafted
16,18-在有限里向上.md,第四部 改善而不自困,在有限里向上,提出不自困的长期改善节律并整合全书工具,4800,N-001;N-002,积极斯多葛框架（原创解释框架）,年度复盘页,,drafted
17,19-给未来自己的备忘.md,第四部 改善而不自困,给未来自己的备忘,以非劝退也非劝做的立场收束全书,4800,N-001;N-002,积极斯多葛框架（原创解释框架）,未来自我备忘录,,drafted
